BUKU PANDUAN AKADEMIK UNIVERSITAS MUHAMMADIYAH SURAKARTA TAHUN AKADEMIK 2019/2020,FAKULTAS KEGURUAN DAN ILMU PENDIDIKAN,https://anyflip.com/qvaza/fvqp/ ,static/anyflip/panduan_akademik/fkip.jpeg
BUKU PANDUAN AKADEMIK UNIVERSITAS MUHAMMADIYAH SURAKARTA TAHUN AKADEMIK 2019/2020,FAKULTAS AGAMA ISLAM ,https://anyflip.com/qvaza/rxdg/ ,static/anyflip/panduan_akademik/fai.jpeg
BUKU PANDUAN AKADEMIK UNIVERSITAS MUHAMMADIYAH SURAKARTA TAHUN AKADEMIK 2019/2020,FAKULTAS PSIKOLOGI,https://anyflip.com/qvaza/cjet/ ,static/anyflip/panduan_akademik/psikologi.jpeg
BUKU PANDUAN AKADEMIK UNIVERSITAS MUHAMMADIYAH SURAKARTA TAHUN AKADEMIK 2019/2020,FAKULTAS KEDOKTERAN,https://anyflip.com/qvaza/bcps/ ,static/anyflip/panduan_akademik/fk.jpeg
BUKU PANDUAN AKADEMIK UNIVERSITAS MUHAMMADIYAH SURAKARTA TAHUN AKADEMIK 2019/2020,FAKULTAS KOMUNIKASI DAN INFORMATIKA,https://anyflip.com/qvaza/naej/ ,static/anyflip/panduan_akademik/fki.jpeg
BUKU PANDUAN AKADEMIK UNIVERSITAS MUHAMMADIYAH SURAKARTA TAHUN AKADEMIK 2019/2020,FAKULTAS GEOGRAFI,https://anyflip.com/qvaza/blwj/ ,static/anyflip/panduan_akademik/geografi.jpeg
BUKU PANDUAN AKADEMIK UNIVERSITAS MUHAMMADIYAH SURAKARTA TAHUN AKADEMIK 2019/2020,FAKULTAS TEKNIK,https://anyflip.com/qvaza/xwdn/ ,static/anyflip/panduan_akademik/ft.jpeg
BUKU PANDUAN AKADEMIK UNIVERSITAS MUHAMMADIYAH SURAKARTA TAHUN AKADEMIK 2019/2020,FAKULTAS ILMU KESEHATAN,https://anyflip.com/qvaza/yuei/ ,static/anyflip/panduan_akademik/fik.jpeg
BUKU PANDUAN AKADEMIK UNIVERSITAS MUHAMMADIYAH SURAKARTA TAHUN AKADEMIK 2019/2020,FAKULTAS EKONOMI DAN BISNIS,https://anyflip.com/qvaza/xpzw/ ,static/anyflip/panduan_akademik/feb.jpeg
BUKU PANDUAN AKADEMIK UNIVERSITAS MUHAMMADIYAH SURAKARTA TAHUN AKADEMIK 2019/2020,FAKULTAS FARMASI,https://anyflip.com/qvaza/vthv/ ,static/anyflip/panduan_akademik/farmasi.jpeg
BUKU PANDUAN AKADEMIK UNIVERSITAS MUHAMMADIYAH SURAKARTA TAHUN AKADEMIK 2019/2020,FAKULTAS HUKUM,https://anyflip.com/qvaza/bnkk/ ,static/anyflip/panduan_akademik/hukum.jpeg
BUKU PANDUAN AKADEMIK UNIVERSITAS MUHAMMADIYAH SURAKARTA TAHUN AKADEMIK 2019/2020,FAKULTAS KEDOKTERAN GIGI,https://anyflip.com/qvaza/eqmz/ ,static/anyflip/panduan_akademik/fkg.jpeg
BUKU PANDUAN AKADEMIK UNIVERSITAS MUHAMMADIYAH SURAKARTA TAHUN AKADEMIK 2020/2021,FAKULTAS KEGURUAN DAN ILMU PENDIDIKAN,https://anyflip.com/qvaza/aulj/ ,static/anyflip/panduan_akademik/fkip.jpeg
BUKU PANDUAN AKADEMIK UNIVERSITAS MUHAMMADIYAH SURAKARTA TAHUN AKADEMIK 2020/2021,FAKULTAS AGAMA ISLAM ,https://anyflip.com/qvaza/phxy/ ,static/anyflip/panduan_akademik/fai.jpeg
BUKU PANDUAN AKADEMIK UNIVERSITAS MUHAMMADIYAH SURAKARTA TAHUN AKADEMIK 2020/2021,FAKULTAS PSIKOLOGI,https://anyflip.com/qvaza/jnwm/ ,static/anyflip/panduan_akademik/psikologi.jpeg
BUKU PANDUAN AKADEMIK UNIVERSITAS MUHAMMADIYAH SURAKARTA TAHUN AKADEMIK 2020/2021,FAKULTAS KEDOKTERAN,https://anyflip.com/qvaza/nhsm/ ,static/anyflip/panduan_akademik/fk.jpeg
BUKU PANDUAN AKADEMIK UNIVERSITAS MUHAMMADIYAH SURAKARTA TAHUN AKADEMIK 2020/2021,FAKULTAS KOMUNIKASI DAN INFORMATIKA,https://anyflip.com/qvaza/viln/ ,static/anyflip/panduan_akademik/fki.jpeg
BUKU PANDUAN AKADEMIK UNIVERSITAS MUHAMMADIYAH SURAKARTA TAHUN AKADEMIK 2020/2021,FAKULTAS GEOGRAFI,https://anyflip.com/qvaza/ewxe/ ,static/anyflip/panduan_akademik/geografi.jpeg
BUKU PANDUAN AKADEMIK UNIVERSITAS MUHAMMADIYAH SURAKARTA TAHUN AKADEMIK 2020/2021,FAKULTAS TEKNIK,https://anyflip.com/qvaza/iopi/ ,static/anyflip/panduan_akademik/ft.jpeg
BUKU PANDUAN AKADEMIK UNIVERSITAS MUHAMMADIYAH SURAKARTA TAHUN AKADEMIK 2020/2021,FAKULTAS ILMU KESEHATAN,https://anyflip.com/qvaza/kuxm/ ,static/anyflip/panduan_akademik/fik.jpeg
BUKU PANDUAN AKADEMIK UNIVERSITAS MUHAMMADIYAH SURAKARTA TAHUN AKADEMIK 2020/2021,FAKULTAS EKONOMI DAN BISNIS,https://anyflip.com/qvaza/zsoe/ ,static/anyflip/panduan_akademik/feb.jpeg
BUKU PANDUAN AKADEMIK UNIVERSITAS MUHAMMADIYAH SURAKARTA TAHUN AKADEMIK 2020/2021,FAKULTAS FARMASI,https://anyflip.com/qvaza/dlyo/ ,static/anyflip/panduan_akademik/farmasi.jpeg
BUKU PANDUAN AKADEMIK UNIVERSITAS MUHAMMADIYAH SURAKARTA TAHUN AKADEMIK 2020/2021,FAKULTAS HUKUM,https://anyflip.com/qvaza/ifxh/ ,static/anyflip/panduan_akademik/hukum.jpeg
BUKU PANDUAN AKADEMIK UNIVERSITAS MUHAMMADIYAH SURAKARTA TAHUN AKADEMIK 2020/2021,FAKULTAS KEDOKTERAN GIGI,https://anyflip.com/qvaza/rvwl/ ,static/anyflip/panduan_akademik/fkg.jpeg
BUKU PANDUAN AKADEMIK UNIVERSITAS MUHAMMADIYAH SURAKARTA TAHUN AKADEMIK 2021/2022,FAKULTAS KEGURUAN DAN ILMU PENDIDIKAN,https://anyflip.com/qvaza/thrw/ ,static/anyflip/panduan_akademik/fkip.jpeg
BUKU PANDUAN AKADEMIK UNIVERSITAS MUHAMMADIYAH SURAKARTA TAHUN AKADEMIK 2021/2022,FAKULTAS AGAMA ISLAM ,https://anyflip.com/qvaza/gioy/ ,static/anyflip/panduan_akademik/fai.jpeg
BUKU PANDUAN AKADEMIK UNIVERSITAS MUHAMMADIYAH SURAKARTA TAHUN AKADEMIK 2021/2022,FAKULTAS PSIKOLOGI,https://anyflip.com/qvaza/qdww/ ,static/anyflip/panduan_akademik/psikologi.jpeg
BUKU PANDUAN AKADEMIK UNIVERSITAS MUHAMMADIYAH SURAKARTA TAHUN AKADEMIK 2021/2022,FAKULTAS KEDOKTERAN,https://anyflip.com/qvaza/ppyn/ ,static/anyflip/panduan_akademik/fk.jpeg
BUKU PANDUAN AKADEMIK UNIVERSITAS MUHAMMADIYAH SURAKARTA TAHUN AKADEMIK 2021/2022,FAKULTAS KOMUNIKASI DAN INFORMATIKA,https://anyflip.com/qvaza/eqep/ ,static/anyflip/panduan_akademik/fki.jpeg
BUKU PANDUAN AKADEMIK UNIVERSITAS MUHAMMADIYAH SURAKARTA TAHUN AKADEMIK 2021/2022,FAKULTAS GEOGRAFI,https://anyflip.com/qvaza/liox/ ,static/anyflip/panduan_akademik/geografi.jpeg
BUKU PANDUAN AKADEMIK UNIVERSITAS MUHAMMADIYAH SURAKARTA TAHUN AKADEMIK 2021/2022,FAKULTAS TEKNIK,https://anyflip.com/qvaza/amaj/ ,static/anyflip/panduan_akademik/ft.jpeg
BUKU PANDUAN AKADEMIK UNIVERSITAS MUHAMMADIYAH SURAKARTA TAHUN AKADEMIK 2021/2022,FAKULTAS ILMU KESEHATAN,https://anyflip.com/qvaza/uoar/ ,static/anyflip/panduan_akademik/fik.jpeg
BUKU PANDUAN AKADEMIK UNIVERSITAS MUHAMMADIYAH SURAKARTA TAHUN AKADEMIK 2021/2022,FAKULTAS EKONOMI DAN BISNIS,https://anyflip.com/qvaza/japl/ ,static/anyflip/panduan_akademik/feb.jpeg
BUKU PANDUAN AKADEMIK UNIVERSITAS MUHAMMADIYAH SURAKARTA TAHUN AKADEMIK 2021/2022,FAKULTAS FARMASI,https://anyflip.com/qvaza/sjkv/ ,static/anyflip/panduan_akademik/farmasi.jpeg
BUKU PANDUAN AKADEMIK UNIVERSITAS MUHAMMADIYAH SURAKARTA TAHUN AKADEMIK 2021/2022,FAKULTAS HUKUM,https://anyflip.com/qvaza/avze/ ,static/anyflip/panduan_akademik/hukum.jpeg
BUKU PANDUAN AKADEMIK UNIVERSITAS MUHAMMADIYAH SURAKARTA TAHUN AKADEMIK 2021/2022,FAKULTAS KEDOKTERAN GIGI,https://anyflip.com/qvaza/zgfj/ ,static/anyflip/panduan_akademik/fkg.jpeg
BUKU PANDUAN AKADEMIK UNIVERSITAS MUHAMMADIYAH SURAKARTA TAHUN AKADEMIK 2022/2023,FAKULTAS KEGURUAN DAN ILMU PENDIDIKAN,https://anyflip.com/qvaza/tpdp/ ,static/anyflip/panduan_akademik/fkip.jpeg
BUKU PANDUAN AKADEMIK UNIVERSITAS MUHAMMADIYAH SURAKARTA TAHUN AKADEMIK 2022/2023,FAKULTAS AGAMA ISLAM ,https://anyflip.com/qvaza/lzmd/ ,static/anyflip/panduan_akademik/fai.jpeg
BUKU PANDUAN AKADEMIK UNIVERSITAS MUHAMMADIYAH SURAKARTA TAHUN AKADEMIK 2022/2023,FAKULTAS PSIKOLOGI,https://anyflip.com/qvaza/cymg/ ,static/anyflip/panduan_akademik/psikologi.jpeg
BUKU PANDUAN AKADEMIK UNIVERSITAS MUHAMMADIYAH SURAKARTA TAHUN AKADEMIK 2022/2023,FAKULTAS KEDOKTERAN,https://anyflip.com/qvaza/khfb/ ,static/anyflip/panduan_akademik/fk.jpeg
BUKU PANDUAN AKADEMIK UNIVERSITAS MUHAMMADIYAH SURAKARTA TAHUN AKADEMIK 2022/2023,FAKULTAS KOMUNIKASI DAN INFORMATIKA,https://anyflip.com/qvaza/haoc/ ,static/anyflip/panduan_akademik/fki.jpeg
BUKU PANDUAN AKADEMIK UNIVERSITAS MUHAMMADIYAH SURAKARTA TAHUN AKADEMIK 2022/2023,FAKULTAS GEOGRAFI,https://anyflip.com/qvaza/rxzj/ ,static/anyflip/panduan_akademik/geografi.jpeg
BUKU PANDUAN AKADEMIK UNIVERSITAS MUHAMMADIYAH SURAKARTA TAHUN AKADEMIK 2022/2023,FAKULTAS TEKNIK,https://anyflip.com/qvaza/ojgb/ ,static/anyflip/panduan_akademik/ft.jpeg
BUKU PANDUAN AKADEMIK UNIVERSITAS MUHAMMADIYAH SURAKARTA TAHUN AKADEMIK 2022/2023,FAKULTAS ILMU KESEHATAN,https://anyflip.com/qvaza/gtpp/ ,static/anyflip/panduan_akademik/fik.jpeg
BUKU PANDUAN AKADEMIK UNIVERSITAS MUHAMMADIYAH SURAKARTA TAHUN AKADEMIK 2022/2023,FAKULTAS EKONOMI DAN BISNIS,https://anyflip.com/qvaza/spxe/ ,static/anyflip/panduan_akademik/feb.jpeg
BUKU PANDUAN AKADEMIK UNIVERSITAS MUHAMMADIYAH SURAKARTA TAHUN AKADEMIK 2022/2023,FAKULTAS FARMASI,https://anyflip.com/qvaza/lzhr/ ,static/anyflip/panduan_akademik/farmasi.jpeg
BUKU PANDUAN AKADEMIK UNIVERSITAS MUHAMMADIYAH SURAKARTA TAHUN AKADEMIK 2022/2023,FAKULTAS HUKUM,https://anyflip.com/qvaza/jdab/ ,static/anyflip/panduan_akademik/hukum.jpeg
BUKU PANDUAN AKADEMIK UNIVERSITAS MUHAMMADIYAH SURAKARTA TAHUN AKADEMIK 2022/2023,FAKULTAS KEDOKTERAN GIGI,https://anyflip.com/qvaza/fqgj/  ,static/anyflip/panduan_akademik/fkg.jpeg
BUKU PANDUAN AKADEMIK UNIVERSITAS MUHAMMADIYAH SURAKARTA TAHUN AKADEMIK 2023/2024,FAKULTAS KEGURUAN DAN ILMU PENDIDIKAN,https://anyflip.com/qvaza/qqoc/ ,static/anyflip/panduan_akademik/fkip.jpeg
BUKU PANDUAN AKADEMIK UNIVERSITAS MUHAMMADIYAH SURAKARTA TAHUN AKADEMIK 2023/2024,FAKULTAS AGAMA ISLAM ,https://anyflip.com/qvaza/qypo/ ,static/anyflip/panduan_akademik/fai.jpeg
BUKU PANDUAN AKADEMIK UNIVERSITAS MUHAMMADIYAH SURAKARTA TAHUN AKADEMIK 2023/2024,FAKULTAS PSIKOLOGI,https://anyflip.com/qvaza/enie/ ,static/anyflip/panduan_akademik/psikologi.jpeg
BUKU PANDUAN AKADEMIK UNIVERSITAS MUHAMMADIYAH SURAKARTA TAHUN AKADEMIK 2023/2024,FAKULTAS KEDOKTERAN,https://anyflip.com/qvaza/dglx/ ,static/anyflip/panduan_akademik/fk.jpeg
BUKU PANDUAN AKADEMIK UNIVERSITAS MUHAMMADIYAH SURAKARTA TAHUN AKADEMIK 2023/2024,FAKULTAS KOMUNIKASI DAN INFORMATIKA,https://anyflip.com/qvaza/gpuw/ ,static/anyflip/panduan_akademik/fki.jpeg
BUKU PANDUAN AKADEMIK UNIVERSITAS MUHAMMADIYAH SURAKARTA TAHUN AKADEMIK 2023/2024,FAKULTAS GEOGRAFI,https://anyflip.com/qvaza/yotv/ ,static/anyflip/panduan_akademik/geografi.jpeg
BUKU PANDUAN AKADEMIK UNIVERSITAS MUHAMMADIYAH SURAKARTA TAHUN AKADEMIK 2023/2024,FAKULTAS TEKNIK,https://anyflip.com/qvaza/rfoy/ ,static/anyflip/panduan_akademik/ft.jpeg
BUKU PANDUAN AKADEMIK UNIVERSITAS MUHAMMADIYAH SURAKARTA TAHUN AKADEMIK 2023/2024,FAKULTAS ILMU KESEHATAN,https://anyflip.com/qvaza/toqd/ ,static/anyflip/panduan_akademik/fik.jpeg
BUKU PANDUAN AKADEMIK UNIVERSITAS MUHAMMADIYAH SURAKARTA TAHUN AKADEMIK 2023/2024,FAKULTAS EKONOMI DAN BISNIS,https://anyflip.com/qvaza/psnf/ ,static/anyflip/panduan_akademik/feb.jpeg
BUKU PANDUAN AKADEMIK UNIVERSITAS MUHAMMADIYAH SURAKARTA TAHUN AKADEMIK 2023/2024,FAKULTAS FARMASI,https://anyflip.com/qvaza/bizs/ ,static/anyflip/panduan_akademik/farmasi.jpeg
BUKU PANDUAN AKADEMIK UNIVERSITAS MUHAMMADIYAH SURAKARTA TAHUN AKADEMIK 2023/2024,FAKULTAS HUKUM,https://anyflip.com/qvaza/dslt/ ,static/anyflip/panduan_akademik/hukum.jpeg
BUKU PANDUAN AKADEMIK UNIVERSITAS MUHAMMADIYAH SURAKARTA TAHUN AKADEMIK 2023/2024,FAKULTAS KEDOKTERAN GIGI,https://anyflip.com/qvaza/xjrt/ ,static/anyflip/panduan_akademik/fkg.jpeg
BUKU PANDUAN AKADEMIK UNIVERSITAS MUHAMMADIYAH SURAKARTA TAHUN AKADEMIK 2024/2025,FAKULTAS KEGURUAN DAN ILMU PENDIDIKAN,https://anyflip.com/qvaza/cwnz/ ,static/anyflip/panduan_akademik/fkip.jpeg
BUKU PANDUAN AKADEMIK UNIVERSITAS MUHAMMADIYAH SURAKARTA TAHUN AKADEMIK 2024/2025,FAKULTAS AGAMA ISLAM ,https://anyflip.com/qvaza/iqsc/ ,static/anyflip/panduan_akademik/fai.jpeg
BUKU PANDUAN AKADEMIK UNIVERSITAS MUHAMMADIYAH SURAKARTA TAHUN AKADEMIK 2024/2025,FAKULTAS PSIKOLOGI,https://anyflip.com/qvaza/ickm/ ,static/anyflip/panduan_akademik/psikologi.jpeg
BUKU PANDUAN AKADEMIK UNIVERSITAS MUHAMMADIYAH SURAKARTA TAHUN AKADEMIK 2024/2025,FAKULTAS KEDOKTERAN,https://anyflip.com/qvaza/zvoz/ ,static/anyflip/panduan_akademik/fk.jpeg
BUKU PANDUAN AKADEMIK UNIVERSITAS MUHAMMADIYAH SURAKARTA TAHUN AKADEMIK 2024/2025,FAKULTAS KOMUNIKASI DAN INFORMATIKA,https://anyflip.com/qvaza/rcop/ ,static/anyflip/panduan_akademik/fki.jpeg
BUKU PANDUAN AKADEMIK UNIVERSITAS MUHAMMADIYAH SURAKARTA TAHUN AKADEMIK 2024/2025,FAKULTAS GEOGRAFI,https://anyflip.com/qvaza/vqor/ ,static/anyflip/panduan_akademik/geografi.jpeg
BUKU PANDUAN AKADEMIK UNIVERSITAS MUHAMMADIYAH SURAKARTA TAHUN AKADEMIK 2024/2025,FAKULTAS TEKNIK,https://anyflip.com/qvaza/efmt/ ,static/anyflip/panduan_akademik/ft.jpeg
BUKU PANDUAN AKADEMIK UNIVERSITAS MUHAMMADIYAH SURAKARTA TAHUN AKADEMIK 2024/2025,FAKULTAS ILMU KESEHATAN,https://anyflip.com/qvaza/krtl/ ,static/anyflip/panduan_akademik/fik.jpeg
BUKU PANDUAN AKADEMIK UNIVERSITAS MUHAMMADIYAH SURAKARTA TAHUN AKADEMIK 2024/2025,FAKULTAS EKONOMI DAN BISNIS,https://anyflip.com/qvaza/zifa/ ,static/anyflip/panduan_akademik/feb.jpeg
BUKU PANDUAN AKADEMIK UNIVERSITAS MUHAMMADIYAH SURAKARTA TAHUN AKADEMIK 2024/2025,FAKULTAS FARMASI,https://anyflip.com/qvaza/jkkw/ ,static/anyflip/panduan_akademik/farmasi.jpeg
BUKU PANDUAN AKADEMIK UNIVERSITAS MUHAMMADIYAH SURAKARTA TAHUN AKADEMIK 2024/2025,FAKULTAS HUKUM,https://anyflip.com/qvaza/wwaz/ ,static/anyflip/panduan_akademik/hukum.jpeg
BUKU PANDUAN AKADEMIK UNIVERSITAS MUHAMMADIYAH SURAKARTA TAHUN AKADEMIK 2024/2025,FAKULTAS KEDOKTERAN GIGI,https://anyflip.com/qvaza/kerg/ ,static/anyflip/panduan_akademik/fkg.jpeg
